{
  "0": [
    0.05317882649757005,
    3.6389450149189097e-05,
    9.095025468610843e-05,
    0.0012054326954153535,
    0.9452808273027591,
    0.0002075737994201307
  ],
  "1": [
    3.6158982840230106e-07,
    0.9638515487491075,
    0.019087580429473075,
    0.01644051100300989,
    0.0006180055514231255,
    1.992677157849324e-06
  ],
  "2": [
    0.014587308632120552,
    1.0891802438932587e-07,
    5.406326992403982e-07,
    0.4577472750015148,
    0.5215895225996678,
    0.006075244215973227
  ],
  "3": [
    0.0649315499310247,
    0.5634709755301693,
    0.31734686767239634,
    0.05347872769140608,
    0.0007718787111463622,
    4.6385739387932383e-10
  ],
  "4": [
    8.025936573504373e-09,
    3.667257640147866e-05,
    7.677444286141251e-05,
    3.000641066686083e-10,
    9.52698591044236e-06,
    0.999877017668826
  ],
  "5": [
    8.608702990104092e-15,
    0.004880978082478764,
    0.03192097077366196,
    0.8834801428934268,
    0.07843600002144893,
    0.0012819082289749664
  ],
  "6": [
    3.841032536567633e-15,
    3.0836684630090157e-07,
    6.666742512844801e-11,
    0.9706434153998761,
    0.023982176019358863,
    0.005374100147247357
  ],
  "7": [
    6.21458002816672e-12,
    0.18835169693233172,
    1.3966256227316017e-09,
    0.3770116304250064,
    1.749939723356946e-25,
    0.4346366712398217
  ],
  "8": [
    0.007691238871543601,
    0.006351297460546048,
    1.1363910644186789e-06,
    0.8339205633269587,
    2.8536430173599246e-32,
    0.15203576394988724
  ],
  "9": [
    0.08237929037914679,
    6.218469706159365e-07,
    0.0036407683795557427,
    0.000588057428880561,
    0.8616713011027024,
    0.05171996086274405
  ],
  "10": [
    9.678939563357781e-06,
    0.0005964867986899841,
    0.00020115470887971897,
    0.0021686022257297283,
    0.9933669554076687,
    0.0036571219194683883
  ],
  "11": [
    0.9524936589497572,
    7.124996390127109e-06,
    8.973298573193751e-09,
    0.01333033737631105,
    0.03416565767412046,
    3.212030122434819e-06
  ],
  "12": [
    0.43480393675953205,
    0.04284439311590915,
    1.2878449593005233e-07,
    0.26743261709723976,
    0.2549167358569618,
    2.188385861352304e-06
  ],
  "13": [
    0.014037681183241292,
    5.4705722691303494e-05,
    0.01534120739526764,
    0.9403939543229949,
    2.2563633736689922e-23,
    0.030172451375804984
  ],
  "14": [
    2.9649393690985253e-12,
    0.617846334158682,
    1.4150345379483144e-06,
    4.899127392037082e-08,
    0.3817713252075446,
    0.00038087660499661855
  ],
  "15": [
    0.3272833703982081,
    2.930456971354281e-07,
    1.1435339800027933e-07,
    2.4225309273821607e-06,
    1.126458422865248e-06,
    0.6727126732133466
  ],
  "16": [
    0.12238032356364638,
    0.00022334368056254255,
    8.946684469847681e-06,
    0.13165268095805882,
    0.7362199038881561,
    0.00951480122510638
  ],
  "17": [
    0.44320821613738703,
    0.5527049765187213,
    0.002853599968720712,
    0.000133563845128424,
    2.9597801231983028e-05,
    0.0010700457288103074
  ],
  "18": [
    1.4673876374408807e-07,
    0.000981116010326673,
    0.0116623910047429,
    0.046898398577628515,
    0.02564726270607286,
    0.9148106849624653
  ],
  "19": [
    0.0001123086174622607,
    0.2086740194420323,
    0.7396805403913463,
    0.027281070507483483,
    0.024252049188763142,
    1.1852912432107486e-08
  ],
  "20": [
    0.011303758775505136,
    0.8456265461214286,
    4.939052745528881e-09,
    0.022265280700863945,
    0.12080183844851079,
    2.5710146387682767e-06
  ],
  "21": [
    1.0276881300164364e-05,
    0.08355730419490856,
    0.0003195730907410626,
    0.912541254172452,
    3.529495815845827e-08,
    0.0035715563656399385
  ],
  "22": [
    0.025889266915177594,
    1.4104630081718288e-06,
    0.0004057520251351328,
    0.8980627794357348,
    1.9636557957877715e-05,
    0.07562115460298645
  ],
  "23": [
    0.1595161667915281,
    7.048514952563967e-12,
    1.4980181689512813e-09,
    0.0006293205917374696,
    0.11328103495296381,
    0.7265734761587038
  ],
  "24": [
    0.35774109687950556,
    1.999392172390361e-09,
    0.6419540751325374,
    8.44022408793543e-05,
    0.0002204237451321915,
    2.5531622115179646e-12
  ],
  "25": [
    0.0192108091112508,
    1.9669166715071006e-05,
    0.9555557033792013,
    1.0299201457897954e-09,
    1.534855373217737e-09,
    0.02521381577805735
  ],
  "26": [
    1.885554032097866e-10,
    3.282938874061744e-18,
    0.00010356248883270769,
    0.03242227754637948,
    0.043721864485094936,
    0.9237522952911376
  ],
  "27": [
    7.436551239381951e-16,
    5.4185839946840895e-19,
    0.5679406456603285,
    0.0024818163945357183,
    0.42957610270623164,
    1.435238903211159e-06
  ],
  "28": [
    0.0730338305322607,
    0.0001809691074556208,
    0.9057305837636349,
    1.1822071425125133e-06,
    0.00038157923059240243,
    0.02067185515891389
  ],
  "29": [
    0.5621132008899734,
    0.00012149456731129328,
    0.002328675568341307,
    0.07246015916665592,
    0.023024214857224903,
    0.3399522549504932
  ],
  "30": [
    0.02677503205183878,
    0.04249541514755461,
    0.00151966804901283,
    1.080730898474994e-05,
    1.6680226803541885e-07,
    0.929198910640341
  ],
  "31": [
    8.555123074707604e-08,
    0.9999986059021867,
    9.505452734175932e-16,
    6.547949125854801e-10,
    1.3078917825808046e-06,
    3.958764535253901e-15
  ],
  "32": [
    0.014370994854783893,
    3.28283811762298e-09,
    1.784166663323374e-15,
    0.985615027457848,
    1.3973320119866975e-05,
    1.0844081610446177e-09
  ],
  "33": [
    8.1788541496296e-06,
    5.2965978124546444e-14,
    0.03046043100036656,
    3.444817350737658e-06,
    0.18009734194361643,
    0.7894306033844637
  ],
  "34": [
    0.035853707067166944,
    0.026756212301428335,
    0.02127938558869784,
    0.18400955899699437,
    0.021310398624676735,
    0.7107907374210357
  ],
  "35": [
    5.928847382805935e-05,
    5.493025551050099e-13,
    0.2852037592388829,
    1.7451292790457708e-11,
    0.6911189925283316,
    0.02361795974095693
  ],
  "36": [
    5.151028000220786e-10,
    0.006412946837750799,
    0.025328181551712382,
    0.9682587793977311,
    9.158717792328208e-08,
    1.1052493439963677e-10
  ],
  "37": [
    0.0014035084330749196,
    0.051133013804104725,
    1.597076319972379e-05,
    0.9459811324179898,
    0.0014461512393681643,
    2.0223342262842785e-05
  ],
  "38": [
    2.667557962199638e-05,
    0.10163713218461906,
    0.21937764794457135,
    0.0016324217837175043,
    8.348113258677034e-09,
    0.677326114159357
  ],
  "39": [
    5.346626586119544e-05,
    7.383007791426828e-10,
    1.6834797659864213e-18,
    0.7104583368976529,
    0.2754481595748424,
    0.01404003652334271
  ]
}